formula,structure,Ms_0,A_0,K_0
Ce2Fe14B,A1,0.99632415793215,4.8615622027493e-12,1189274.36002828
NdFe14B,A1,0.99632415793215,4.8615622027493e-12,1189274.36002828
NdFe14B,B4,0.99632415793215,4.8615622027493e-12,1189274.36002828